scene,title,duration_sec,on_screen_text,visual,voiceover,asset_keywords
1,Hook,20,FAANG Database Architecture,"Fast-moving network/global internet animation, server racks, database icons, big-brand style motion graphics.","Ever wondered what databases power companies like Google, Amazon, and Netflix? These platforms serve billions of users and store huge amounts of data. And the key insight is this: they do not rely on one database. They use multiple specialized databases working together.","global network, cloud architecture, data center, databases, digital world"
2,Why one database is not enough,25,One database cannot do everything,"Single overloaded database icon with lines coming from search, analytics, transactions, cache, graph, streaming.","A single database cannot efficiently handle every workload: billions of reads, massive writes, real-time analytics, search, graph traversal, and strict transactions. That is why hyperscale systems use the right database for the right job.","overloaded database, scaling bottleneck, system design"
3,Polyglot persistence,30,Polyglot Persistence,"Six-category layout: key-value, document, graph, wide-column, relational, analytics warehouse.","This approach is called polyglot persistence. It means using different database types for different access patterns. In this video, we will map the major database categories to real tools used in large systems.","polyglot persistence, database categories infographic"
4,Key-value databases,50,"Key-Value: Redis, DynamoDB, Memcached, Aerospike","Cache layer between app and DB, session tokens, counters, TTL, feature flags.","First: key-value databases. These are built for very fast lookups by key. Typical examples are Redis, DynamoDB, Memcached, and Aerospike. They are ideal for caching, session storage, rate limiting, counters, and feature flags. The strength is speed and simplicity. The tradeoff is limited query flexibility.","redis cache, key value store, sessions, rate limiting, counters"
5,Document databases,50,"Document: MongoDB, Cosmos DB, Couchbase, Firestore","JSON documents floating with nested objects like user profile, catalog item, order snapshot.","Next: document databases. These store flexible JSON-like records and work well when the schema changes often. Examples include MongoDB, Cosmos DB, Couchbase, Firestore, and DocumentDB. They are commonly used for user profiles, catalogs, content systems, and service-owned application data.","json document database, mongodb, document store, app backend"
6,Wide-column databases,55,"Wide-Column: Cassandra, Bigtable, HBase, ScyllaDB","Large distributed cluster receiving huge write streams from events, telemetry, chat messages.","Wide-column databases are designed for huge scale and very high write throughput. Examples include Cassandra, Bigtable, HBase, ScyllaDB, and Amazon Keyspaces. These are used for event logs, telemetry, time-series style workloads, large messaging platforms, and globally distributed storage patterns.","cassandra cluster, telemetry, event stream, distributed database"
7,Graph databases,45,"Graph: Neo4j, Neptune, TigerGraph","Nodes and edges for users, devices, cards, recommendations, fraud rings.","Graph databases shine when relationships are the core query pattern. Think recommendations, social graphs, fraud detection, knowledge graphs, and identity links. Popular options include Neo4j, Amazon Neptune, TigerGraph, JanusGraph, and ArangoDB.","graph database, recommendation engine, fraud detection graph"
8,Relational databases,55,"Relational: PostgreSQL, MySQL, Oracle, SQL Server, Aurora","Transactions, ACID, tables with orders/payments/users, primary-replica diagram.","Relational databases still power many mission-critical systems. PostgreSQL, MySQL, Oracle, SQL Server, and Aurora are common choices for transactional workloads. Use them when consistency, joins, constraints, and ACID behavior matter, such as payments, orders, billing, and financial records.","sql database, postgres, mysql, transactions, payments"
9,Analytics warehouses and lakehouse tools,55,"Analytics: Snowflake, BigQuery, Redshift, ClickHouse, Databricks",ETL pipeline from apps to warehouse with dashboards and ML models.,"Analytics databases and lakehouse platforms are optimized for large aggregations and reporting. Examples include Snowflake, BigQuery, Redshift, ClickHouse, and Databricks. These power BI dashboards, product analytics, experimentation, observability analytics, and machine-learning data pipelines.","data warehouse, analytics, dashboards, bigquery, snowflake"
10,Search systems,40,"Search: Elasticsearch, OpenSearch, Solr, Typesense, Meilisearch",Search bar querying indexed content with filters and autocomplete.,"Search workloads are usually handled by dedicated search engines, not by the transactional database. Elasticsearch, OpenSearch, Solr, Typesense, and Meilisearch are used for full-text search, filtering, autocomplete, log search, and ranking.","search index, elasticsearch, full text search, autocomplete"
11,FAANG-style combined architecture,60,How they fit together,Users → CDN → API Gateway → Microservices → Cache → Primary DB → Search → Event stream → Analytics.,"In a real large-scale architecture, these databases work together. A common pattern is: users hit the CDN and API gateway, microservices process requests, Redis handles cache, PostgreSQL or DynamoDB stores transactional data, Elasticsearch handles search, Kafka carries events, and Snowflake or BigQuery powers analytics. This layered approach is why large systems scale.","microservices architecture, redis postgres elasticsearch kafka snowflake"
12,Example stacks,55,Example Production Stacks,"Three side-by-side example stacks: ecommerce, streaming, payments.","For e-commerce, you might use Redis for carts and cache, PostgreSQL for orders, Elasticsearch for product search, Kafka for events, and Snowflake for analytics. For streaming, Redis for session data, Cassandra for event storage, search for catalogs, and a warehouse for recommendation analytics. For payments, relational databases often remain the source of truth, with Redis, graph, and analytics systems around them.","ecommerce architecture, streaming architecture, payments architecture"
13,Pros and cons summary,45,"Pick by access pattern, not hype","Matrix comparing speed, flexibility, relationships, analytics, consistency.","The right choice depends on access pattern. Use key-value for speed, document for flexibility, relational for consistency, wide-column for huge write scale, graph for relationships, and warehouses for analytics. The wrong choice is usually trying to force one database to do every job.","database decision matrix, pros cons, architecture comparison"
14,Outro,20,Subscribe for more System Design,Clean outro card with channel branding and next-video teaser.,"If you want more content on system design, large-scale architecture, and FAANG interview prep, subscribe. In the next video, break down how a real microservices request flows through a global distributed system.","youtube outro, system design channel, subscribe"
